{"properties": [
  {
    "name": "springdoc.swagger-ui.path",
    "type": "java.lang.String",
    "description": "A description for 'springdoc.swagger-ui.path'"
  },
  {
    "name": "app.jwt.secret",
    "type": "java.lang.String",
    "description": "A description for 'app.jwt.secret'"
  },
  {
    "name": "app.jwt.expiration-ms",
    "type": "java.lang.String",
    "description": "A description for 'app.jwt.expiration-ms'"
  },
  {
    "name": "ai.gemini.model",
    "type": "java.lang.String",
    "description": "A description for 'ai.gemini.model'"
  },
  {
    "name": "ai.gemini.apikey",
    "type": "java.lang.String",
    "description": "A description for 'ai.gemini.apikey'"
  },
  {
    "name": "ai.gemini.baseurl",
    "type": "java.lang.String",
    "description": "A description for 'ai.gemini.baseurl'"
  },
  {
    "name": "ai.drugapi.apikey",
    "type": "java.lang.String",
    "description": "A description for 'ai.drugapi.apikey'"
  },
  {
    "name": "ai.drugapi.baseurl",
    "type": "java.lang.String",
    "description": "A description for 'ai.drugapi.baseurl'"
  }
]}