<?xml version="1.0" encoding="UTF-8"?>
<configuration scan="true">
  <property name="LOG_PATTERN"
            value="%d{yyyy-MM-dd HH:mm:ss.SSS} %highlight(%-5level) [%thread] %cyan(%logger{36}) - %msg%n"/>

  <appender name="CONSOLE" class="ch.qos.logback.core.ConsoleAppender">
    <encoder class="ch.qos.logback.classic.encoder.PatternLayoutEncoder">
      <pattern>${LOG_PATTERN}</pattern>
      <charset>UTF-8</charset>
    </encoder>
  </appender>

  <appender name="FILE" class="ch.qos.logback.core.rolling.RollingFileAppender">
    <file>logs/app.log</file>
    <append>true</append>
    <encoder class="ch.qos.logback.classic.encoder.PatternLayoutEncoder">
      <pattern>${LOG_PATTERN}</pattern>
      <charset>UTF-8</charset>
    </encoder>
    <rollingPolicy class="ch.qos.logback.core.rolling.TimeBasedRollingPolicy">
      <fileNamePattern>logs/app.%d{yyyy-MM-dd}.log</fileNamePattern>
      <maxHistory>14</maxHistory>
    </rollingPolicy>
  </appender>

  <root level="INFO">
    <appender-ref ref="CONSOLE"/>
    <appender-ref ref="FILE"/>
  </root>

  <logger name="org.springframework.web" level="DEBUG"/>
  <logger name="org.springframework.security" level="DEBUG"/>
  <logger name="com.nckh.yte" level="DEBUG"/>
</configuration>
